norad_id,object_id_hash,name,international_designator,epoch,mean_motion_rev_per_day,eccentricity,inclination_deg,ra_of_asc_node_deg,arg_of_pericenter_deg,mean_anomaly_deg,ephemeris_type,classification_type_from_celestrak,source_match_method,operator,users,purpose,detailed_purpose,country_operator,country_registry,orbit_class_from_ucs,orbit_type_from_ucs,launch_date_from_ucs,sensitivity_label,confidence,classification_reason,display_policy,important_note
900,2022511b142b,CALSPHERE 1,1964-063C,2026-05-03T19:42:31.995360,13.76571396,0.0028515,90.2224,70.7251,67.2753,324.9847,0,U,unmatched,,,,,,,,,,unknown_sensitive,0.55,No UCS match found; purpose/operator unknown from this dataset,"{""safe_to_display_full_details"": false, ""redaction_level"": ""medium"", ""display_name"": ""restricted_object_2022511b142b"", ""show_exact_orbit"": false, ""show_operator"": false, ""show_purpose"": true, ""allowed_fields"": [""object_id_hash"", ""norad_id"", ""orbit_class"", ""general_purpose"", ""sensitivity_label"", ""confidence""]}","This is an information-handling risk label based on public metadata, not an official classified/unclassified determination."
902,01fa5e0b1dd2,CALSPHERE 2,1964-063E,2026-05-03T21:03:00.569952,13.52896915,0.0018677,90.2355,74.7298,2.5283,57.3361,0,U,unmatched,,,,,,,,,,unknown_sensitive,0.55,No UCS match found; purpose/operator unknown from this dataset,"{""safe_to_display_full_details"": false, ""redaction_level"": ""medium"", ""display_name"": ""restricted_object_01fa5e0b1dd2"", ""show_exact_orbit"": false, ""show_operator"": false, ""show_purpose"": true, ""allowed_fields"": [""object_id_hash"", ""norad_id"", ""orbit_class"", ""general_purpose"", ""sensitivity_label"", ""confidence""]}","This is an information-handling risk label based on public metadata, not an official classified/unclassified determination."
1361,d51bfe117987,LCS 1,1965-034C,2026-05-03T20:13:09.255936,9.89310191,0.001308,32.1429,282.3203,323.8875,36.0738,0,U,unmatched,,,,,,,,,,unknown_sensitive,0.55,No UCS match found; purpose/operator unknown from this dataset,"{""safe_to_display_full_details"": false, ""redaction_level"": ""medium"", ""display_name"": ""restricted_object_d51bfe117987"", ""show_exact_orbit"": false, ""show_operator"": false, ""show_purpose"": true, ""allowed_fields"": [""object_id_hash"", ""norad_id"", ""orbit_class"", ""general_purpose"", ""sensitivity_label"", ""confidence""]}","This is an information-handling risk label based on public metadata, not an official classified/unclassified determination."
1512,d4a54502373b,TEMPSAT 1,1965-065E,2026-05-03T11:37:37.731936,13.33591903,0.00699798,90.0011,212.585,15.8705,356.3259,0,U,unmatched,,,,,,,,,,unknown_sensitive,0.55,No UCS match found; purpose/operator unknown from this dataset,"{""safe_to_display_full_details"": false, ""redaction_level"": ""medium"", ""display_name"": ""restricted_object_d4a54502373b"", ""show_exact_orbit"": false, ""show_operator"": false, ""show_purpose"": true, ""allowed_fields"": [""object_id_hash"", ""norad_id"", ""orbit_class"", ""general_purpose"", ""sensitivity_label"", ""confidence""]}","This is an information-handling risk label based on public metadata, not an official classified/unclassified determination."
1520,9e39b8f37ce5,CALSPHERE 4A,1965-065H,2026-05-03T19:46:55.963776,13.36269839,0.0068122,89.8962,122.9296,227.6385,207.4256,0,U,unmatched,,,,,,,,,,unknown_sensitive,0.55,No UCS match found; purpose/operator unknown from this dataset,"{""safe_to_display_full_details"": false, ""redaction_level"": ""medium"", ""display_name"": ""restricted_object_9e39b8f37ce5"", ""show_exact_orbit"": false, ""show_operator"": false, ""show_purpose"": true, ""allowed_fields"": [""object_id_hash"", ""norad_id"", ""orbit_class"", ""general_purpose"", ""sensitivity_label"", ""confidence""]}","This is an information-handling risk label based on public metadata, not an official classified/unclassified determination."
2826,b450aed3c2b6,OPS 5712 (P/L 160),1967-053A,2026-05-03T20:04:46.151328,14.77101489,0.0001988,69.9149,146.9445,249.1918,110.9016,0,U,unmatched,,,,,,,,,,unknown_sensitive,0.55,No UCS match found; purpose/operator unknown from this dataset,"{""safe_to_display_full_details"": false, ""redaction_level"": ""medium"", ""display_name"": ""restricted_object_b450aed3c2b6"", ""show_exact_orbit"": false, ""show_operator"": false, ""show_purpose"": true, ""allowed_fields"": [""object_id_hash"", ""norad_id"", ""orbit_class"", ""general_purpose"", ""sensitivity_label"", ""confidence""]}","This is an information-handling risk label based on public metadata, not an official classified/unclassified determination."
2866,45739dbe31b6,LES-5,1967-066E,2026-05-03T20:02:17.926944,1.09425135,0.0053801,2.5215,97.6447,212.5937,196.1891,0,U,unmatched,,,,,,,,,,unknown_sensitive,0.55,No UCS match found; purpose/operator unknown from this dataset,"{""safe_to_display_full_details"": false, ""redaction_level"": ""medium"", ""display_name"": ""restricted_object_45739dbe31b6"", ""show_exact_orbit"": false, ""show_operator"": false, ""show_purpose"": true, ""allowed_fields"": [""object_id_hash"", ""norad_id"", ""orbit_class"", ""general_purpose"", ""sensitivity_label"", ""confidence""]}","This is an information-handling risk label based on public metadata, not an official classified/unclassified determination."
2872,7b2014195079,SURCAL 159,1967-053F,2026-05-03T15:12:42.506784,13.99591739,0.0007175,69.9725,96.7657,196.7878,163.2993,0,U,unmatched,,,,,,,,,,unknown_sensitive,0.55,No UCS match found; purpose/operator unknown from this dataset,"{""safe_to_display_full_details"": false, ""redaction_level"": ""medium"", ""display_name"": ""restricted_object_7b2014195079"", ""show_exact_orbit"": false, ""show_operator"": false, ""show_purpose"": true, ""allowed_fields"": [""object_id_hash"", ""norad_id"", ""orbit_class"", ""general_purpose"", ""sensitivity_label"", ""confidence""]}","This is an information-handling risk label based on public metadata, not an official classified/unclassified determination."
2874,5ccecd7cabe6,OPS 5712 (P/L 153),1967-053H,2026-05-03T15:41:35.027232,13.96821783,0.0010021,69.9743,210.758,257.7893,102.2091,0,U,unmatched,,,,,,,,,,unknown_sensitive,0.55,No UCS match found; purpose/operator unknown from this dataset,"{""safe_to_display_full_details"": false, ""redaction_level"": ""medium"", ""display_name"": ""restricted_object_5ccecd7cabe6"", ""show_exact_orbit"": false, ""show_operator"": false, ""show_purpose"": true, ""allowed_fields"": [""object_id_hash"", ""norad_id"", ""orbit_class"", ""general_purpose"", ""sensitivity_label"", ""confidence""]}","This is an information-handling risk label based on public metadata, not an official classified/unclassified determination."
5204,9e71abd0aa4b,OPS 3811 (DSP 2),1971-039A,2026-05-03T19:29:26.143296,0.98161768,0.0021777,0.2864,31.607,262.8234,248.2108,0,U,unmatched,,,,,,,,,,unknown_sensitive,0.55,No UCS match found; purpose/operator unknown from this dataset,"{""safe_to_display_full_details"": false, ""redaction_level"": ""medium"", ""display_name"": ""restricted_object_9e71abd0aa4b"", ""show_exact_orbit"": false, ""show_operator"": false, ""show_purpose"": true, ""allowed_fields"": [""object_id_hash"", ""norad_id"", ""orbit_class"", ""general_purpose"", ""sensitivity_label"", ""confidence""]}","This is an information-handling risk label based on public metadata, not an official classified/unclassified determination."
5398,28b2e254b553,RIGIDSPHERE 2 (LCS 4),1971-067E,2026-05-03T20:39:55.755936,14.37819516,0.0060913,87.6239,351.1224,22.0144,338.365,0,U,unmatched,,,,,,,,,,unknown_sensitive,0.55,No UCS match found; purpose/operator unknown from this dataset,"{""safe_to_display_full_details"": false, ""redaction_level"": ""medium"", ""display_name"": ""restricted_object_28b2e254b553"", ""show_exact_orbit"": false, ""show_operator"": false, ""show_purpose"": true, ""allowed_fields"": [""object_id_hash"", ""norad_id"", ""orbit_class"", ""general_purpose"", ""sensitivity_label"", ""confidence""]}","This is an information-handling risk label based on public metadata, not an official classified/unclassified determination."
7530,a1e42d7e4615,OSCAR 7 (AO-7),1974-089B,2026-05-03T15:05:30.651936,12.53697385,0.0012026,101.9924,136.4079,214.714,265.4294,0,U,norad_id,AMSAT-NA,Civil,Communications,,USA,USA,LEO,Polar,1974-11-15 00:00:00,commercial_sensitive,0.72,Public metadata indicates commercially sensitive sensing/communications/navigation use,"{""safe_to_display_full_details"": false, ""redaction_level"": ""medium"", ""display_name"": ""OSCAR 7 (AO-7)"", ""show_exact_orbit"": false, ""show_operator"": true, ""show_purpose"": true, ""allowed_fields"": [""object_id_hash"", ""norad_id"", ""name"", ""operator"", ""orbit_class"", ""general_purpose"", ""sensitivity_label"", ""confidence""]}","This is an information-handling risk label based on public metadata, not an official classified/unclassified determination."
7646,0857a98d2d30,STARLETTE,1975-010A,2026-05-03T20:20:25.106784,13.8234991,0.0205631,49.8267,279.6121,276.5549,81.1974,0,U,unmatched,,,,,,,,,,unknown_sensitive,0.55,No UCS match found; purpose/operator unknown from this dataset,"{""safe_to_display_full_details"": false, ""redaction_level"": ""medium"", ""display_name"": ""restricted_object_0857a98d2d30"", ""show_exact_orbit"": false, ""show_operator"": false, ""show_purpose"": true, ""allowed_fields"": [""object_id_hash"", ""norad_id"", ""orbit_class"", ""general_purpose"", ""sensitivity_label"", ""confidence""]}","This is an information-handling risk label based on public metadata, not an official classified/unclassified determination."
8820,9e13d4e632c7,LAGEOS 1,1976-039A,2026-05-03T03:15:25.909056,6.38664781,0.00446746,109.8055,163.9207,311.9216,54.0105,0,U,unmatched,,,,,,,,,,unknown_sensitive,0.55,No UCS match found; purpose/operator unknown from this dataset,"{""safe_to_display_full_details"": false, ""redaction_level"": ""medium"", ""display_name"": ""restricted_object_9e13d4e632c7"", ""show_exact_orbit"": false, ""show_operator"": false, ""show_purpose"": true, ""allowed_fields"": [""object_id_hash"", ""norad_id"", ""orbit_class"", ""general_purpose"", ""sensitivity_label"", ""confidence""]}","This is an information-handling risk label based on public metadata, not an official classified/unclassified determination."
13086,1c18acdfcc82,OPS 8701 (DSP 10),1982-019A,2026-05-03T18:24:56.606112,0.98191694,0.0003594,9.3809,309.5632,323.9261,227.6455,0,U,unmatched,,,,,,,,,,unknown_sensitive,0.55,No UCS match found; purpose/operator unknown from this dataset,"{""safe_to_display_full_details"": false, ""redaction_level"": ""medium"", ""display_name"": ""restricted_object_1c18acdfcc82"", ""show_exact_orbit"": false, ""show_operator"": false, ""show_purpose"": true, ""allowed_fields"": [""object_id_hash"", ""norad_id"", ""orbit_class"", ""general_purpose"", ""sensitivity_label"", ""confidence""]}","This is an information-handling risk label based on public metadata, not an official classified/unclassified determination."
14129,8600d0f20a07,PHASE 3B (AO-10),1983-058B,2026-05-03T05:01:16.391136,2.05872826,0.60267228,25.8943,227.0534,103.2696,326.7923,0,U,unmatched,,,,,,,,,,unknown_sensitive,0.55,No UCS match found; purpose/operator unknown from this dataset,"{""safe_to_display_full_details"": false, ""redaction_level"": ""medium"", ""display_name"": ""restricted_object_8600d0f20a07"", ""show_exact_orbit"": false, ""show_operator"": false, ""show_purpose"": true, ""allowed_fields"": [""object_id_hash"", ""norad_id"", ""orbit_class"", ""general_purpose"", ""sensitivity_label"", ""confidence""]}","This is an information-handling risk label based on public metadata, not an official classified/unclassified determination."
14781,f159fbcef26e,UOSAT 2 (UO-11),1984-021B,2026-05-03T20:28:41.253600,14.90677988,0.0007051,97.8028,89.9359,342.4754,17.6219,0,U,unmatched,,,,,,,,,,unknown_sensitive,0.55,No UCS match found; purpose/operator unknown from this dataset,"{""safe_to_display_full_details"": false, ""redaction_level"": ""medium"", ""display_name"": ""restricted_object_f159fbcef26e"", ""show_exact_orbit"": false, ""show_operator"": false, ""show_purpose"": true, ""allowed_fields"": [""object_id_hash"", ""norad_id"", ""orbit_class"", ""general_purpose"", ""sensitivity_label"", ""confidence""]}","This is an information-handling risk label based on public metadata, not an official classified/unclassified determination."
16908,964709aeb2da,AJISAI (EGS),1986-061A,2026-05-03T19:48:50.639040,12.44516063,0.0011433,50.0093,283.807,68.211,88.7053,0,U,unmatched,,,,,,,,,,unknown_sensitive,0.55,No UCS match found; purpose/operator unknown from this dataset,"{""safe_to_display_full_details"": false, ""redaction_level"": ""medium"", ""display_name"": ""restricted_object_964709aeb2da"", ""show_exact_orbit"": false, ""show_operator"": false, ""show_purpose"": true, ""allowed_fields"": [""object_id_hash"", ""norad_id"", ""orbit_class"", ""general_purpose"", ""sensitivity_label"", ""confidence""]}","This is an information-handling risk label based on public metadata, not an official classified/unclassified determination."
19548,6e5fe5c46d5e,TDRS 3,1988-091B,2026-05-03T11:19:33.220992,1.00273102,0.00403351,12.6362,341.2986,357.1179,4.041,0,U,norad_id,National Aeronautics and Space Administration (NASA),Government,Communications,,USA,USA,GEO,,1988-09-29 00:00:00,government_sensitive,0.78,Public metadata indicates government or mixed civil/military involvement,"{""safe_to_display_full_details"": false, ""redaction_level"": ""medium"", ""display_name"": ""restricted_object_6e5fe5c46d5e"", ""show_exact_orbit"": false, ""show_operator"": false, ""show_purpose"": true, ""allowed_fields"": [""object_id_hash"", ""norad_id"", ""orbit_class"", ""general_purpose"", ""sensitivity_label"", ""confidence""]}","This is an information-handling risk label based on public metadata, not an official classified/unclassified determination."
19751,91e85aa8aa81,COSMOS 1989 (ETALON 1),1989-001C,2026-05-03T09:59:51.116640,2.13156086,0.00233713,64.9212,73.7257,217.6668,312.1477,0,U,unmatched,,,,,,,,,,unknown_sensitive,0.55,No UCS match found; purpose/operator unknown from this dataset,"{""safe_to_display_full_details"": false, ""redaction_level"": ""medium"", ""display_name"": ""restricted_object_91e85aa8aa81"", ""show_exact_orbit"": false, ""show_operator"": false, ""show_purpose"": true, ""allowed_fields"": [""object_id_hash"", ""norad_id"", ""orbit_class"", ""general_purpose"", ""sensitivity_label"", ""confidence""]}","This is an information-handling risk label based on public metadata, not an official classified/unclassified determination."
20026,d95bf5db64ba,COSMOS 2024 (ETALON 2),1989-039C,2026-05-03T16:48:01.735776,2.13204712,0.0020547,64.9622,312.0681,212.8153,324.4048,0,U,unmatched,,,,,,,,,,unknown_sensitive,0.55,No UCS match found; purpose/operator unknown from this dataset,"{""safe_to_display_full_details"": false, ""redaction_level"": ""medium"", ""display_name"": ""restricted_object_d95bf5db64ba"", ""show_exact_orbit"": false, ""show_operator"": false, ""show_purpose"": true, ""allowed_fields"": [""object_id_hash"", ""norad_id"", ""orbit_class"", ""general_purpose"", ""sensitivity_label"", ""confidence""]}","This is an information-handling risk label based on public metadata, not an official classified/unclassified determination."
20253,c4d144f80dbe,FLTSATCOM 8 (USA 46),1989-077A,2026-05-03T14:19:57.279072,1.00277095,0.0006676,12.4342,351.4347,19.5866,191.1448,0,U,norad_id,US Navy,Military,Communications,,USA,USA,GEO,,1989-09-25 00:00:00,defense_sensitive,0.9,Public metadata indicates military/defense/intelligence-related use,"{""safe_to_display_full_details"": false, ""redaction_level"": ""high"", ""display_name"": ""restricted_object_c4d144f80dbe"", ""show_exact_orbit"": false, ""show_operator"": false, ""show_purpose"": false, ""allowed_fields"": [""object_id_hash"", ""norad_id"", ""orbit_class"", ""general_purpose"", ""sensitivity_label"", ""confidence""]}","This is an information-handling risk label based on public metadata, not an official classified/unclassified determination."
20442,55a763e63138,LUSAT (LO-19),1990-005G,2026-05-03T14:23:23.407008,14.34109097,0.0011168,98.8878,144.1707,342.5261,17.5537,0,U,unmatched,,,,,,,,,,unknown_sensitive,0.55,No UCS match found; purpose/operator unknown from this dataset,"{""safe_to_display_full_details"": false, ""redaction_level"": ""medium"", ""display_name"": ""restricted_object_55a763e63138"", ""show_exact_orbit"": false, ""show_operator"": false, ""show_purpose"": true, ""allowed_fields"": [""object_id_hash"", ""norad_id"", ""orbit_class"", ""general_purpose"", ""sensitivity_label"", ""confidence""]}","This is an information-handling risk label based on public metadata, not an official classified/unclassified determination."
20580,49c9451d3dbd,HST,1990-037B,2026-05-03T09:52:41.693088,15.30259061,0.00019518,28.4763,26.4721,14.1929,345.8722,0,U,norad_id,European Space Agency (ESA)/NASA,Government,Space Science,,ESA,USA,LEO,Non-Polar Inclined,1990-04-25 00:00:00,government_sensitive,0.78,Public metadata indicates government or mixed civil/military involvement,"{""safe_to_display_full_details"": false, ""redaction_level"": ""medium"", ""display_name"": ""restricted_object_49c9451d3dbd"", ""show_exact_orbit"": false, ""show_operator"": false, ""show_purpose"": true, ""allowed_fields"": [""object_id_hash"", ""norad_id"", ""orbit_class"", ""general_purpose"", ""sensitivity_label"", ""confidence""]}","This is an information-handling risk label based on public metadata, not an official classified/unclassified determination."
20776,976f6500b947,SKYNET 4C,1990-079A,2026-05-03T18:33:33.279840,1.00274011,0.0002736,13.3546,350.1182,51.6426,131.6243,0,U,norad_id,Intelsat/Paradigm Secure Communications (wholly owned by EADS Astrium),Military,Communications,,United Kingdom,United Kingdom,GEO,,1990-08-30 00:00:00,defense_sensitive,0.9,Public metadata indicates military/defense/intelligence-related use,"{""safe_to_display_full_details"": false, ""redaction_level"": ""high"", ""display_name"": ""restricted_object_976f6500b947"", ""show_exact_orbit"": false, ""show_operator"": false, ""show_purpose"": false, ""allowed_fields"": [""object_id_hash"", ""norad_id"", ""orbit_class"", ""general_purpose"", ""sensitivity_label"", ""confidence""]}","This is an information-handling risk label based on public metadata, not an official classified/unclassified determination."
20929,5650b702aed6,USA 65 (DSP 15),1990-095A,2026-05-03T16:08:20.543136,0.98396797,0.0004737,14.0315,344.3566,74.5096,288.9513,0,U,unmatched,,,,,,,,,,unknown_sensitive,0.55,No UCS match found; purpose/operator unknown from this dataset,"{""safe_to_display_full_details"": false, ""redaction_level"": ""medium"", ""display_name"": ""restricted_object_5650b702aed6"", ""show_exact_orbit"": false, ""show_operator"": false, ""show_purpose"": true, ""allowed_fields"": [""object_id_hash"", ""norad_id"", ""orbit_class"", ""general_purpose"", ""sensitivity_label"", ""confidence""]}","This is an information-handling risk label based on public metadata, not an official classified/unclassified determination."
21639,6c0bc18522a4,TDRS 5,1991-054B,2026-05-03T19:19:07.069152,1.00274465,0.000709,14.0773,354.109,283.472,66.1912,0,U,norad_id,SES S.A.,Government/Commercial,Communications,,USA,USA,GEO,,1991-08-02 00:00:00,government_sensitive,0.78,Public metadata indicates government or mixed civil/military involvement,"{""safe_to_display_full_details"": false, ""redaction_level"": ""medium"", ""display_name"": ""restricted_object_6c0bc18522a4"", ""show_exact_orbit"": false, ""show_operator"": false, ""show_purpose"": true, ""allowed_fields"": [""object_id_hash"", ""norad_id"", ""orbit_class"", ""general_purpose"", ""sensitivity_label"", ""confidence""]}","This is an information-handling risk label based on public metadata, not an official classified/unclassified determination."
21805,d52ada2bc7e0,USA 75 (DSP 16),1991-080B,2026-05-03T08:59:55.650624,0.99190411,0.00045865,14.0275,345.8294,80.3062,112.1869,0,U,unmatched,,,,,,,,,,unknown_sensitive,0.55,No UCS match found; purpose/operator unknown from this dataset,"{""safe_to_display_full_details"": false, ""redaction_level"": ""medium"", ""display_name"": ""restricted_object_d52ada2bc7e0"", ""show_exact_orbit"": false, ""show_operator"": false, ""show_purpose"": true, ""allowed_fields"": [""object_id_hash"", ""norad_id"", ""orbit_class"", ""general_purpose"", ""sensitivity_label"", ""confidence""]}","This is an information-handling risk label based on public metadata, not an official classified/unclassified determination."
22195,61330d7a2079,LAGEOS 2,1992-070B,2026-04-21T05:19:35.882976,6.47293632,0.0137667,52.6637,302.6665,162.3867,358.4561,0,U,unmatched,,,,,,,,,,unknown_sensitive,0.55,No UCS match found; purpose/operator unknown from this dataset,"{""safe_to_display_full_details"": false, ""redaction_level"": ""medium"", ""display_name"": ""restricted_object_61330d7a2079"", ""show_exact_orbit"": false, ""show_operator"": false, ""show_purpose"": true, ""allowed_fields"": [""object_id_hash"", ""norad_id"", ""orbit_class"", ""general_purpose"", ""sensitivity_label"", ""confidence""]}","This is an information-handling risk label based on public metadata, not an official classified/unclassified determination."
22314,fd8b3657110d,TDRS 6,1993-003B,2026-05-03T11:20:25.637280,1.00271085,0.00061951,14.1827,357.3936,177.7168,170.6045,0,U,norad_id,National Aeronautics and Space Administration (NASA)/SES Americom (SES [Société Européenne des Satellites (SES)]),Government/Commercial,Communications,,USA,USA,GEO,,1993-01-13 00:00:00,government_sensitive,0.78,Public metadata indicates government or mixed civil/military involvement,"{""safe_to_display_full_details"": false, ""redaction_level"": ""medium"", ""display_name"": ""restricted_object_fd8b3657110d"", ""show_exact_orbit"": false, ""show_operator"": false, ""show_purpose"": true, ""allowed_fields"": [""object_id_hash"", ""norad_id"", ""orbit_class"", ""general_purpose"", ""sensitivity_label"", ""confidence""]}","This is an information-handling risk label based on public metadata, not an official classified/unclassified determination."
22490,87173e60061f,SCD 1,1993-009B,2026-05-03T09:25:35.289120,14.46100826,0.00420267,24.9681,124.1483,24.3206,120.5367,0,U,exact_name,Instituto Nacional de Pesquisas Espaciais (INPE),Government,Earth Observation,Meteorology/Earth Science,Brazil,Brazil,LEO,Non-Polar Inclined,1993-02-09 00:00:00,government_sensitive,0.78,Public metadata indicates government or mixed civil/military involvement,"{""safe_to_display_full_details"": false, ""redaction_level"": ""medium"", ""display_name"": ""restricted_object_87173e60061f"", ""show_exact_orbit"": false, ""show_operator"": false, ""show_purpose"": true, ""allowed_fields"": [""object_id_hash"", ""norad_id"", ""orbit_class"", ""general_purpose"", ""sensitivity_label"", ""confidence""]}","This is an information-handling risk label based on public metadata, not an official classified/unclassified determination."
22787,0b16fdaeac44,UFO 2 (USA 95),1993-056A,2026-05-03T19:29:26.176992,1.00267856,0.0009093,11.88,3.8003,354.9592,183.9837,0,U,norad_id,US Navy,Military,Communications,,USA,USA,GEO,,1993-09-03 00:00:00,defense_sensitive,0.9,Public metadata indicates military/defense/intelligence-related use,"{""safe_to_display_full_details"": false, ""redaction_level"": ""high"", ""display_name"": ""restricted_object_0b16fdaeac44"", ""show_exact_orbit"": false, ""show_operator"": false, ""show_purpose"": false, ""allowed_fields"": [""object_id_hash"", ""norad_id"", ""orbit_class"", ""general_purpose"", ""sensitivity_label"", ""confidence""]}","This is an information-handling risk label based on public metadata, not an official classified/unclassified determination."
22824,b12fc958e0fc,STELLA,1993-061B,2026-05-03T20:07:54.808320,14.27469158,0.0006594,98.7749,187.9248,16.0444,128.4316,0,U,loose_name,"National Space Program Office (NSPO)/University Corporation for Atmospheric Research (UCAR) Boulder, CO",Government/Civil,Earth Observation,Meteorology,Taiwan,NR,LEO,Polar,2006-04-15 00:00:00,government_sensitive,0.78,Public metadata indicates government or mixed civil/military involvement,"{""safe_to_display_full_details"": false, ""redaction_level"": ""medium"", ""display_name"": ""restricted_object_b12fc958e0fc"", ""show_exact_orbit"": false, ""show_operator"": false, ""show_purpose"": true, ""allowed_fields"": [""object_id_hash"", ""norad_id"", ""orbit_class"", ""general_purpose"", ""sensitivity_label"", ""confidence""]}","This is an information-handling risk label based on public metadata, not an official classified/unclassified determination."
22825,13ba3823245e,EYESAT A (AO-27),1993-061C,2026-05-03T17:42:30.036096,14.3093002,0.0007574,98.6898,191.1625,225.1174,134.9394,0,U,loose_name,CNES (Centre national d'études spatiales),Government,Space Science,,ESA,France,LEO,Sun-Synchronous,2019-12-18 00:00:00,government_sensitive,0.78,Public metadata indicates government or mixed civil/military involvement,"{""safe_to_display_full_details"": false, ""redaction_level"": ""medium"", ""display_name"": ""restricted_object_13ba3823245e"", ""show_exact_orbit"": false, ""show_operator"": false, ""show_purpose"": true, ""allowed_fields"": [""object_id_hash"", ""norad_id"", ""orbit_class"", ""general_purpose"", ""sensitivity_label"", ""confidence""]}","This is an information-handling risk label based on public metadata, not an official classified/unclassified determination."
22826,2636451126cf,ITAMSAT (IO-26),1993-061D,2026-05-03T17:31:54.240096,14.31355696,0.0008359,98.6845,191.0681,207.5238,152.5503,0,U,unmatched,,,,,,,,,,unknown_sensitive,0.55,No UCS match found; purpose/operator unknown from this dataset,"{""safe_to_display_full_details"": false, ""redaction_level"": ""medium"", ""display_name"": ""restricted_object_2636451126cf"", ""show_exact_orbit"": false, ""show_operator"": false, ""show_purpose"": true, ""allowed_fields"": [""object_id_hash"", ""norad_id"", ""orbit_class"", ""general_purpose"", ""sensitivity_label"", ""confidence""]}","This is an information-handling risk label based on public metadata, not an official classified/unclassified determination."
22988,ed7ac540f3d4,USA 99 (MILSTAR-1 1),1994-009A,2026-04-30T06:48:38.750976,0.99298499,0.00077371,17.5524,28.2341,48.7975,149.8738,0,U,norad_id,US Air Force,Military,Communications,,USA,USA,GEO,,1994-02-07 00:00:00,defense_sensitive,0.9,Public metadata indicates military/defense/intelligence-related use,"{""safe_to_display_full_details"": false, ""redaction_level"": ""high"", ""display_name"": ""restricted_object_ed7ac540f3d4"", ""show_exact_orbit"": false, ""show_operator"": false, ""show_purpose"": false, ""allowed_fields"": [""object_id_hash"", ""norad_id"", ""orbit_class"", ""general_purpose"", ""sensitivity_label"", ""confidence""]}","This is an information-handling risk label based on public metadata, not an official classified/unclassified determination."
23439,fddc8d83bb6c,RADIO ROSTO (RS15),1994-085A,2026-05-03T20:38:35.245824,11.27583802,0.0154699,64.8209,14.9063,11.9604,348.4929,0,U,unmatched,,,,,,,,,,unknown_sensitive,0.55,No UCS match found; purpose/operator unknown from this dataset,"{""safe_to_display_full_details"": false, ""redaction_level"": ""medium"", ""display_name"": ""restricted_object_fddc8d83bb6c"", ""show_exact_orbit"": false, ""show_operator"": false, ""show_purpose"": true, ""allowed_fields"": [""object_id_hash"", ""norad_id"", ""orbit_class"", ""general_purpose"", ""sensitivity_label"", ""confidence""]}","This is an information-handling risk label based on public metadata, not an official classified/unclassified determination."
23467,fedccffa482d,UFO 4 (USA 108),1995-003A,2026-05-03T15:02:09.040128,1.0027446,0.0003355,9.7068,13.3807,25.9117,220.1022,0,U,norad_id,US Navy,Military,Communications,,USA,USA,GEO,,1995-01-29 00:00:00,defense_sensitive,0.9,Public metadata indicates military/defense/intelligence-related use,"{""safe_to_display_full_details"": false, ""redaction_level"": ""high"", ""display_name"": ""restricted_object_fedccffa482d"", ""show_exact_orbit"": false, ""show_operator"": false, ""show_purpose"": false, ""allowed_fields"": [""object_id_hash"", ""norad_id"", ""orbit_class"", ""general_purpose"", ""sensitivity_label"", ""confidence""]}","This is an information-handling risk label based on public metadata, not an official classified/unclassified determination."
23613,d6bb9deba1bf,TDRS 7,1995-035B,2026-05-03T16:33:49.035168,1.00276272,0.001092,13.3962,348.4984,66.1819,144.5534,0,U,norad_id,National Aeronautics and Space Administration (NASA),Government,Communications,,USA,USA,GEO,,1995-07-13 00:00:00,government_sensitive,0.78,Public metadata indicates government or mixed civil/military involvement,"{""safe_to_display_full_details"": false, ""redaction_level"": ""medium"", ""display_name"": ""restricted_object_d6bb9deba1bf"", ""show_exact_orbit"": false, ""show_operator"": false, ""show_purpose"": true, ""allowed_fields"": [""object_id_hash"", ""norad_id"", ""orbit_class"", ""general_purpose"", ""sensitivity_label"", ""confidence""]}","This is an information-handling risk label based on public metadata, not an official classified/unclassified determination."
23712,97afb06bd86d,USA 115 (MILSTAR-1 2),1995-060A,2026-05-03T16:10:20.352288,1.00367576,8.49e-05,14.0578,4.0817,46.645,304.1299,0,U,unmatched,,,,,,,,,,unknown_sensitive,0.55,No UCS match found; purpose/operator unknown from this dataset,"{""safe_to_display_full_details"": false, ""redaction_level"": ""medium"", ""display_name"": ""restricted_object_97afb06bd86d"", ""show_exact_orbit"": false, ""show_operator"": false, ""show_purpose"": true, ""allowed_fields"": [""object_id_hash"", ""norad_id"", ""orbit_class"", ""general_purpose"", ""sensitivity_label"", ""confidence""]}","This is an information-handling risk label based on public metadata, not an official classified/unclassified determination."
23802,af1f8b89b61e,POLAR,1996-013A,2026-05-02T14:14:53.831904,1.29845867,0.64247827,79.8087,227.5815,210.6433,87.0975,0,U,loose_name,US Coast Guard,Military,Communications,,USA,USA,LEO,Sun-Synchronous,2018-12-03 00:00:00,defense_sensitive,0.9,Public metadata indicates military/defense/intelligence-related use,"{""safe_to_display_full_details"": false, ""redaction_level"": ""high"", ""display_name"": ""restricted_object_af1f8b89b61e"", ""show_exact_orbit"": false, ""show_operator"": false, ""show_purpose"": false, ""allowed_fields"": [""object_id_hash"", ""norad_id"", ""orbit_class"", ""general_purpose"", ""sensitivity_label"", ""confidence""]}","This is an information-handling risk label based on public metadata, not an official classified/unclassified determination."
23839,3799069b79cb,INMARSAT 3-F1,1996-020A,2026-05-03T04:28:44.209920,0.9999263,0.00037871,10.5101,47.0433,341.8601,210.7842,0,U,unmatched,,,,,,,,,,unknown_sensitive,0.55,No UCS match found; purpose/operator unknown from this dataset,"{""safe_to_display_full_details"": false, ""redaction_level"": ""medium"", ""display_name"": ""restricted_object_3799069b79cb"", ""show_exact_orbit"": false, ""show_operator"": false, ""show_purpose"": true, ""allowed_fields"": [""object_id_hash"", ""norad_id"", ""orbit_class"", ""general_purpose"", ""sensitivity_label"", ""confidence""]}","This is an information-handling risk label based on public metadata, not an official classified/unclassified determination."
23893,115ad007382f,USA 119,1996-029A,2026-05-03T16:34:31.093824,13.46139708,0.0848935,63.3202,308.539,48.511,318.5688,0,U,norad_id,National Reconnaissance Office (NRO),Military,Communications,,USA,USA,Elliptical,Molniya,1996-05-12 00:00:00,defense_sensitive,0.9,Public metadata indicates military/defense/intelligence-related use,"{""safe_to_display_full_details"": false, ""redaction_level"": ""high"", ""display_name"": ""restricted_object_115ad007382f"", ""show_exact_orbit"": false, ""show_operator"": false, ""show_purpose"": false, ""allowed_fields"": [""object_id_hash"", ""norad_id"", ""orbit_class"", ""general_purpose"", ""sensitivity_label"", ""confidence""]}","This is an information-handling risk label based on public metadata, not an official classified/unclassified determination."
24278,2f00882f8195,JAS-2 (FO-29),1996-046B,2026-05-03T13:54:37.952352,13.5327226,0.0349297,98.5289,338.5492,212.057,145.8894,0,U,unmatched,,,,,,,,,,unknown_sensitive,0.55,No UCS match found; purpose/operator unknown from this dataset,"{""safe_to_display_full_details"": false, ""redaction_level"": ""medium"", ""display_name"": ""restricted_object_2f00882f8195"", ""show_exact_orbit"": false, ""show_operator"": false, ""show_purpose"": true, ""allowed_fields"": [""object_id_hash"", ""norad_id"", ""orbit_class"", ""general_purpose"", ""sensitivity_label"", ""confidence""]}","This is an information-handling risk label based on public metadata, not an official classified/unclassified determination."
24307,a70a6e7a3689,INMARSAT 3-F2,1996-053A,2026-05-03T13:43:04.931040,0.99997278,0.0006647,9.7586,54.3855,351.0356,214.4804,0,U,unmatched,,,,,,,,,,unknown_sensitive,0.55,No UCS match found; purpose/operator unknown from this dataset,"{""safe_to_display_full_details"": false, ""redaction_level"": ""medium"", ""display_name"": ""restricted_object_a70a6e7a3689"", ""show_exact_orbit"": false, ""show_operator"": false, ""show_purpose"": true, ""allowed_fields"": [""object_id_hash"", ""norad_id"", ""orbit_class"", ""general_purpose"", ""sensitivity_label"", ""confidence""]}","This is an information-handling risk label based on public metadata, not an official classified/unclassified determination."
24674,103f4209320e,INMARSAT 3-F3,1996-070A,2026-05-03T18:12:50.440896,0.99975761,0.0004424,10.2245,50.0718,330.6061,204.0346,0,U,norad_id,"INMARSAT, Ltd.",Commercial,Communications,,United Kingdom,NR,GEO,,1996-12-18 00:00:00,commercial_sensitive,0.72,Public metadata indicates commercially sensitive sensing/communications/navigation use,"{""safe_to_display_full_details"": false, ""redaction_level"": ""medium"", ""display_name"": ""INMARSAT 3-F3"", ""show_exact_orbit"": false, ""show_operator"": true, ""show_purpose"": true, ""allowed_fields"": [""object_id_hash"", ""norad_id"", ""name"", ""operator"", ""orbit_class"", ""general_purpose"", ""sensitivity_label"", ""confidence""]}","This is an information-handling risk label based on public metadata, not an official classified/unclassified determination."
24876,04baba365b99,NAVSTAR 43 (USA 132),1997-035A,2026-05-03T19:52:13.509696,2.0056395,0.0100242,55.9718,100.3085,56.2713,304.6515,0,U,norad_id,DoD/US Air Force,Military/Commercial,Navigation/Global Positioning,,USA,USA,MEO,Non-Polar Inclined,1997-07-23 00:00:00,defense_sensitive,0.9,Public metadata indicates military/defense/intelligence-related use,"{""safe_to_display_full_details"": false, ""redaction_level"": ""high"", ""display_name"": ""restricted_object_04baba365b99"", ""show_exact_orbit"": false, ""show_operator"": false, ""show_purpose"": false, ""allowed_fields"": [""object_id_hash"", ""norad_id"", ""orbit_class"", ""general_purpose"", ""sensitivity_label"", ""confidence""]}","This is an information-handling risk label based on public metadata, not an official classified/unclassified determination."
24920,c6c1031888b0,FORTE,1997-047A,2026-05-03T16:23:58.530048,14.27925981,0.0023155,69.9512,114.5417,332.1633,27.8248,0,U,norad_id,Los Alamos National Laboratory,Government,Earth Observation,Radar Imaging,USA,USA,LEO,Polar,1997-08-29 00:00:00,government_sensitive,0.78,Public metadata indicates government or mixed civil/military involvement,"{""safe_to_display_full_details"": false, ""redaction_level"": ""medium"", ""display_name"": ""restricted_object_c6c1031888b0"", ""show_exact_orbit"": false, ""show_operator"": false, ""show_purpose"": true, ""allowed_fields"": [""object_id_hash"", ""norad_id"", ""orbit_class"", ""general_purpose"", ""sensitivity_label"", ""confidence""]}","This is an information-handling risk label based on public metadata, not an official classified/unclassified determination."
24936,c02a82ca69d5,AMC-3,1997-050A,2026-05-03T19:46:11.972352,1.00271994,0.000326,8.0387,64.5855,335.9248,45.7638,0,U,norad_id,Global Eagle Entertainment,Commercial,Communications,,USA,USA,GEO,,1997-09-04 00:00:00,commercial_sensitive,0.72,Public metadata indicates commercially sensitive sensing/communications/navigation use,"{""safe_to_display_full_details"": false, ""redaction_level"": ""medium"", ""display_name"": ""AMC-3"", ""show_exact_orbit"": false, ""show_operator"": true, ""show_purpose"": true, ""allowed_fields"": [""object_id_hash"", ""norad_id"", ""name"", ""operator"", ""orbit_class"", ""general_purpose"", ""sensitivity_label"", ""confidence""]}","This is an information-handling risk label based on public metadata, not an official classified/unclassified determination."
25019,3219a86c1356,USA 134,1997-065A,2026-05-03T07:30:15.160608,1.00276141,0.0005718,12.7323,22.0585,330.8202,228.6629,0,U,norad_id,US Air Force,Military,Communications,,USA,USA,GEO,,1997-10-24 00:00:00,defense_sensitive,0.9,Public metadata indicates military/defense/intelligence-related use,"{""safe_to_display_full_details"": false, ""redaction_level"": ""high"", ""display_name"": ""restricted_object_3219a86c1356"", ""show_exact_orbit"": false, ""show_operator"": false, ""show_purpose"": false, ""allowed_fields"": [""object_id_hash"", ""norad_id"", ""orbit_class"", ""general_purpose"", ""sensitivity_label"", ""confidence""]}","This is an information-handling risk label based on public metadata, not an official classified/unclassified determination."
25118,0236d972fb42,ORBCOMM FM06,1997-084G,2026-05-03T20:27:38.894400,14.47452313,7.88e-05,45.0138,266.1227,164.0752,356.0255,0,U,norad_id,ORBCOMM Inc.,Commercial,Communications,,USA,USA,LEO,Non-Polar Inclined,1997-12-23 00:00:00,commercial_sensitive,0.72,Public metadata indicates commercially sensitive sensing/communications/navigation use,"{""safe_to_display_full_details"": false, ""redaction_level"": ""medium"", ""display_name"": ""ORBCOMM FM06"", ""show_exact_orbit"": false, ""show_operator"": true, ""show_purpose"": true, ""allowed_fields"": [""object_id_hash"", ""norad_id"", ""name"", ""operator"", ""orbit_class"", ""general_purpose"", ""sensitivity_label"", ""confidence""]}","This is an information-handling risk label based on public metadata, not an official classified/unclassified determination."
25153,cdf10d26f2f3,INMARSAT 3-F5,1998-006B,2026-05-03T04:50:38.581152,1.00270083,0.00052206,9.595,53.6992,350.9652,195.0946,0,U,norad_id,"INMARSAT, Ltd.",Commercial,Communications,,United Kingdom,NR,GEO,,1998-02-04 00:00:00,commercial_sensitive,0.72,Public metadata indicates commercially sensitive sensing/communications/navigation use,"{""safe_to_display_full_details"": false, ""redaction_level"": ""medium"", ""display_name"": ""INMARSAT 3-F5"", ""show_exact_orbit"": false, ""show_operator"": true, ""show_purpose"": true, ""allowed_fields"": [""object_id_hash"", ""norad_id"", ""name"", ""operator"", ""orbit_class"", ""general_purpose"", ""sensitivity_label"", ""confidence""]}","This is an information-handling risk label based on public metadata, not an official classified/unclassified determination."
25159,3882ee746990,ORBCOMM FM04,1998-007C,2026-05-03T17:34:10.877376,14.35651733,0.0039562,107.9621,77.9353,42.2865,318.1315,0,U,norad_id,ORBCOMM Inc.,Commercial,Communications,,USA,USA,LEO,Polar,1998-02-10 00:00:00,commercial_sensitive,0.72,Public metadata indicates commercially sensitive sensing/communications/navigation use,"{""safe_to_display_full_details"": false, ""redaction_level"": ""medium"", ""display_name"": ""ORBCOMM FM04"", ""show_exact_orbit"": false, ""show_operator"": true, ""show_purpose"": true, ""allowed_fields"": [""object_id_hash"", ""norad_id"", ""name"", ""operator"", ""orbit_class"", ""general_purpose"", ""sensitivity_label"", ""confidence""]}","This is an information-handling risk label based on public metadata, not an official classified/unclassified determination."
25160,0bda8c011c9b,CELESTIS-02 & TAURUS R/B,1998-007D,2026-05-03T19:46:35.690880,14.22471366,0.0062992,108.0069,242.751,210.1904,302.7271,0,U,unmatched,,,,,,,,,,unknown_sensitive,0.55,No UCS match found; purpose/operator unknown from this dataset,"{""safe_to_display_full_details"": false, ""redaction_level"": ""medium"", ""display_name"": ""restricted_object_0bda8c011c9b"", ""show_exact_orbit"": false, ""show_operator"": false, ""show_purpose"": true, ""allowed_fields"": [""object_id_hash"", ""norad_id"", ""orbit_class"", ""general_purpose"", ""sensitivity_label"", ""confidence""]}","This is an information-handling risk label based on public metadata, not an official classified/unclassified determination."
25397,479f55225d93,TECHSAT 1B (GO-32),1998-043D,2026-05-03T12:43:28.530048,14.24419514,0.0001475,99.0063,115.1658,31.244,328.8825,0,U,loose_name,Harris Corporation,Commercial,Communications,,USA,NR,LEO,Sun-Synchronous,2018-11-29 00:00:00,commercial_sensitive,0.72,Public metadata indicates commercially sensitive sensing/communications/navigation use,"{""safe_to_display_full_details"": false, ""redaction_level"": ""medium"", ""display_name"": ""TECHSAT 1B (GO-32)"", ""show_exact_orbit"": false, ""show_operator"": true, ""show_purpose"": true, ""allowed_fields"": [""object_id_hash"", ""norad_id"", ""name"", ""operator"", ""orbit_class"", ""general_purpose"", ""sensitivity_label"", ""confidence""]}","This is an information-handling risk label based on public metadata, not an official classified/unclassified determination."
25398,918e4127197e,WESTPAC,1998-043E,2026-05-03T16:34:17.534208,14.23050824,0.0001386,99.0121,108.6903,24.0632,336.0609,0,U,unmatched,,,,,,,,,,unknown_sensitive,0.55,No UCS match found; purpose/operator unknown from this dataset,"{""safe_to_display_full_details"": false, ""redaction_level"": ""medium"", ""display_name"": ""restricted_object_918e4127197e"", ""show_exact_orbit"": false, ""show_operator"": false, ""show_purpose"": true, ""allowed_fields"": [""object_id_hash"", ""norad_id"", ""orbit_class"", ""general_purpose"", ""sensitivity_label"", ""confidence""]}","This is an information-handling risk label based on public metadata, not an official classified/unclassified determination."
25415,044c6af8302b,ORBCOMM FM19,1998-046C,2026-05-03T16:25:21.588096,14.3940741,0.0001972,44.9932,95.0825,45.8774,123.7561,0,U,norad_id,ORBCOMM Inc.,Commercial,Communications,,USA,USA,LEO,Non-Polar Inclined,1998-08-02 00:00:00,commercial_sensitive,0.72,Public metadata indicates commercially sensitive sensing/communications/navigation use,"{""safe_to_display_full_details"": false, ""redaction_level"": ""medium"", ""display_name"": ""ORBCOMM FM19"", ""show_exact_orbit"": false, ""show_operator"": true, ""show_purpose"": true, ""allowed_fields"": [""object_id_hash"", ""norad_id"", ""name"", ""operator"", ""orbit_class"", ""general_purpose"", ""sensitivity_label"", ""confidence""]}","This is an information-handling risk label based on public metadata, not an official classified/unclassified determination."
25416,357c1ff5d22a,ORBCOMM FM20,1998-046D,2026-05-03T08:13:05.239200,14.37998207,0.00015844,44.9932,104.1392,302.9586,57.1109,0,U,norad_id,ORBCOMM Inc.,Commercial,Communications,,USA,USA,LEO,Non-Polar Inclined,1998-08-02 00:00:00,commercial_sensitive,0.72,Public metadata indicates commercially sensitive sensing/communications/navigation use,"{""safe_to_display_full_details"": false, ""redaction_level"": ""medium"", ""display_name"": ""ORBCOMM FM20"", ""show_exact_orbit"": false, ""show_operator"": true, ""show_purpose"": true, ""allowed_fields"": [""object_id_hash"", ""norad_id"", ""name"", ""operator"", ""orbit_class"", ""general_purpose"", ""sensitivity_label"", ""confidence""]}","This is an information-handling risk label based on public metadata, not an official classified/unclassified determination."
25481,1a89fd10a8e7,ORBCOMM FM27,1998-053G,2026-05-03T13:12:01.646784,14.3905564,0.0001815,45.0042,187.3502,253.3984,106.6666,0,U,norad_id,ORBCOMM Inc.,Commercial,Communications,,USA,USA,LEO,Non-Polar Inclined,1998-09-23 00:00:00,commercial_sensitive,0.72,Public metadata indicates commercially sensitive sensing/communications/navigation use,"{""safe_to_display_full_details"": false, ""redaction_level"": ""medium"", ""display_name"": ""ORBCOMM FM27"", ""show_exact_orbit"": false, ""show_operator"": true, ""show_purpose"": true, ""allowed_fields"": [""object_id_hash"", ""norad_id"", ""name"", ""operator"", ""orbit_class"", ""general_purpose"", ""sensitivity_label"", ""confidence""]}","This is an information-handling risk label based on public metadata, not an official classified/unclassified determination."
25504,a0334804250b,SCD 2,1998-060A,2026-05-03T07:25:34.352832,14.45509,0.0016768,24.9969,348.9165,9.5843,152.0681,0,U,norad_id,Instituto Nacional de Pesquisas Espaciais (INPE),Government,Earth Observation,Meteorology/Earth Science,Brazil,NR,LEO,Non-Polar Inclined,1998-10-23 00:00:00,government_sensitive,0.78,Public metadata indicates government or mixed civil/military involvement,"{""safe_to_display_full_details"": false, ""redaction_level"": ""medium"", ""display_name"": ""restricted_object_a0334804250b"", ""show_exact_orbit"": false, ""show_operator"": false, ""show_purpose"": true, ""allowed_fields"": [""object_id_hash"", ""norad_id"", ""orbit_class"", ""general_purpose"", ""sensitivity_label"", ""confidence""]}","This is an information-handling risk label based on public metadata, not an official classified/unclassified determination."
25544,e407b12cf676,ISS (ZARYA),1998-067A,2026-05-03T19:30:13.348800,15.4908112,0.0007297,51.6305,159.7493,20.0235,340.1038,0,U,norad_id,National Aeronautics and Space Administration (NASA)/Multinational,Government,Space Science,,Multinational,USA,LEO,Non-Polar Inclined,1998-11-20 00:00:00,government_sensitive,0.78,Public metadata indicates government or mixed civil/military involvement,"{""safe_to_display_full_details"": false, ""redaction_level"": ""medium"", ""display_name"": ""restricted_object_e407b12cf676"", ""show_exact_orbit"": false, ""show_operator"": false, ""show_purpose"": true, ""allowed_fields"": [""object_id_hash"", ""norad_id"", ""orbit_class"", ""general_purpose"", ""sensitivity_label"", ""confidence""]}","This is an information-handling risk label based on public metadata, not an official classified/unclassified determination."
25560,142655ff1042,SWAS,1998-071A,2026-05-03T21:09:12.708576,15.09318568,0.000779,69.8971,341.7493,301.7447,58.2957,0,U,unmatched,,,,,,,,,,unknown_sensitive,0.55,No UCS match found; purpose/operator unknown from this dataset,"{""safe_to_display_full_details"": false, ""redaction_level"": ""medium"", ""display_name"": ""restricted_object_142655ff1042"", ""show_exact_orbit"": false, ""show_operator"": false, ""show_purpose"": true, ""allowed_fields"": [""object_id_hash"", ""norad_id"", ""orbit_class"", ""general_purpose"", ""sensitivity_label"", ""confidence""]}","This is an information-handling risk label based on public metadata, not an official classified/unclassified determination."
25575,878fb28d4348,ISS (UNITY),1998-069F,2026-05-03T19:30:13.348800,15.4908112,0.0007297,51.6305,159.7493,20.0235,340.1038,0,U,loose_name,Norwegian Coastal Admnistration,Government,Communications,Automatic Identification System (AIS),Norway,Norway,LEO,Sun-Synchronous,2010-07-12 00:00:00,government_sensitive,0.78,Public metadata indicates government or mixed civil/military involvement,"{""safe_to_display_full_details"": false, ""redaction_level"": ""medium"", ""display_name"": ""restricted_object_878fb28d4348"", ""show_exact_orbit"": false, ""show_operator"": false, ""show_purpose"": true, ""allowed_fields"": [""object_id_hash"", ""norad_id"", ""orbit_class"", ""general_purpose"", ""sensitivity_label"", ""confidence""]}","This is an information-handling risk label based on public metadata, not an official classified/unclassified determination."
25757,7a14ddb131dc,DLR-TUBSAT,1999-029B,2026-05-03T20:36:58.351680,14.52415093,0.0015159,98.6692,117.9072,122.5452,237.7209,0,U,norad_id,Deutsches Zentrum für Luft- und Raumfahrt,Government,Earth Science,,Germany,NR,LEO,Sun-Synchronous,1999-05-26 00:00:00,government_sensitive,0.78,Public metadata indicates government or mixed civil/military involvement,"{""safe_to_display_full_details"": false, ""redaction_level"": ""medium"", ""display_name"": ""restricted_object_7a14ddb131dc"", ""show_exact_orbit"": false, ""show_operator"": false, ""show_purpose"": true, ""allowed_fields"": [""object_id_hash"", ""norad_id"", ""orbit_class"", ""general_purpose"", ""sensitivity_label"", ""confidence""]}","This is an information-handling risk label based on public metadata, not an official classified/unclassified determination."
25867,91b9f0314218,CXO,1999-040B,2026-05-07T01:29:20.496192,0.3779804,0.7903282,55.4991,117.8655,310.485,359.8743,0,U,norad_id,National Aeronautics and Space Administration (NASA) Goddard Space Flight Center,Government,Space Science,,USA,USA,Elliptical,Deep Highly Eccentric,1999-07-23 00:00:00,government_sensitive,0.78,Public metadata indicates government or mixed civil/military involvement,"{""safe_to_display_full_details"": false, ""redaction_level"": ""medium"", ""display_name"": ""restricted_object_91b9f0314218"", ""show_exact_orbit"": false, ""show_operator"": false, ""show_purpose"": true, ""allowed_fields"": [""object_id_hash"", ""norad_id"", ""orbit_class"", ""general_purpose"", ""sensitivity_label"", ""confidence""]}","This is an information-handling risk label based on public metadata, not an official classified/unclassified determination."
25924,131e2e4d0ac7,ABS-6,1999-053A,2026-05-03T16:27:38.755872,1.00271162,0.0003296,0.0422,94.1072,332.5292,200.8837,0,U,norad_id,Asia Broadcast Satellite Ltd.,Commercial,Communications,,Multinational,NR,GEO,,1999-09-26 00:00:00,government_sensitive,0.78,Public metadata indicates government or mixed civil/military involvement,"{""safe_to_display_full_details"": false, ""redaction_level"": ""medium"", ""display_name"": ""restricted_object_131e2e4d0ac7"", ""show_exact_orbit"": false, ""show_operator"": false, ""show_purpose"": true, ""allowed_fields"": [""object_id_hash"", ""norad_id"", ""orbit_class"", ""general_purpose"", ""sensitivity_label"", ""confidence""]}","This is an information-handling risk label based on public metadata, not an official classified/unclassified determination."
25933,8782b7e8dc1e,NAVSTAR 46 (USA 145),1999-055A,2026-05-03T16:32:21.994944,2.00564693,0.0106537,51.505,297.4142,173.5953,18.2306,0,U,norad_id,DoD/US Air Force,Military/Commercial,Navigation/Global Positioning,,USA,USA,MEO,Non-Polar Inclined,1999-10-07 00:00:00,defense_sensitive,0.9,Public metadata indicates military/defense/intelligence-related use,"{""safe_to_display_full_details"": false, ""redaction_level"": ""high"", ""display_name"": ""restricted_object_8782b7e8dc1e"", ""show_exact_orbit"": false, ""show_operator"": false, ""show_purpose"": false, ""allowed_fields"": [""object_id_hash"", ""norad_id"", ""orbit_class"", ""general_purpose"", ""sensitivity_label"", ""confidence""]}","This is an information-handling risk label based on public metadata, not an official classified/unclassified determination."
25967,b40b439949e8,UFO 10 (USA 146),1999-063A,2026-05-01T01:16:02.261280,1.00271697,0.000331,9.8528,27.4558,339.9791,207.8203,0,U,norad_id,US Navy,Military,Communications,,USA,USA,GEO,,1999-11-24 00:00:00,defense_sensitive,0.9,Public metadata indicates military/defense/intelligence-related use,"{""safe_to_display_full_details"": false, ""redaction_level"": ""high"", ""display_name"": ""restricted_object_b40b439949e8"", ""show_exact_orbit"": false, ""show_operator"": false, ""show_purpose"": false, ""allowed_fields"": [""object_id_hash"", ""norad_id"", ""orbit_class"", ""general_purpose"", ""sensitivity_label"", ""confidence""]}","This is an information-handling risk label based on public metadata, not an official classified/unclassified determination."
25982,06d2a556e673,ORBCOMM FM32,1999-065C,2026-05-03T17:30:59.629248,14.37068137,0.0004923,45.0171,23.6613,200.7474,159.3175,0,U,norad_id,ORBCOMM Inc.,Commercial,Communications,,USA,USA,LEO,Non-Polar Inclined,1999-12-04 00:00:00,commercial_sensitive,0.72,Public metadata indicates commercially sensitive sensing/communications/navigation use,"{""safe_to_display_full_details"": false, ""redaction_level"": ""medium"", ""display_name"": ""ORBCOMM FM32"", ""show_exact_orbit"": false, ""show_operator"": true, ""show_purpose"": true, ""allowed_fields"": [""object_id_hash"", ""norad_id"", ""name"", ""operator"", ""orbit_class"", ""general_purpose"", ""sensitivity_label"", ""confidence""]}","This is an information-handling risk label based on public metadata, not an official classified/unclassified determination."
25989,b43889130844,XMM-NEWTON,1999-066A,2026-05-05T11:11:07.984896,0.50129944,0.46872629,64.7084,283.5315,65.6551,0.162,0,U,norad_id,European Space Operations Centre (ESOC),Government,Space Science,,ESA,ESA,Elliptical,Deep Highly Eccentric,1999-12-10 00:00:00,government_sensitive,0.78,Public metadata indicates government or mixed civil/military involvement,"{""safe_to_display_full_details"": false, ""redaction_level"": ""medium"", ""display_name"": ""restricted_object_b43889130844"", ""show_exact_orbit"": false, ""show_operator"": false, ""show_purpose"": true, ""allowed_fields"": [""object_id_hash"", ""norad_id"", ""orbit_class"", ""general_purpose"", ""sensitivity_label"", ""confidence""]}","This is an information-handling risk label based on public metadata, not an official classified/unclassified determination."
25994,891bf5e04b37,TERRA,1999-068A,2026-05-03T20:25:05.128320,14.61067418,0.0002769,97.9491,175.1474,39.9542,47.1234,0,U,norad_id,Earth Sciences Enterprise (NASA),Government,Earth Observation,Earth Science,USA/Canada/Japan,USA,LEO,Sun-Synchronous,1999-12-18 00:00:00,government_sensitive,0.78,Public metadata indicates government or mixed civil/military involvement,"{""safe_to_display_full_details"": false, ""redaction_level"": ""medium"", ""display_name"": ""restricted_object_891bf5e04b37"", ""show_exact_orbit"": false, ""show_operator"": false, ""show_purpose"": true, ""allowed_fields"": [""object_id_hash"", ""norad_id"", ""orbit_class"", ""general_purpose"", ""sensitivity_label"", ""confidence""]}","This is an information-handling risk label based on public metadata, not an official classified/unclassified determination."
26107,6fa379bbadaf,ASIASTAR,2000-016A,2026-05-03T18:30:35.109216,1.00271567,0.000534,9.0286,58.6236,350.6232,195.0872,0,U,norad_id,1Worldspace,Commercial,Communications,,USA,USA,GEO,,2000-03-21 00:00:00,commercial_sensitive,0.72,Public metadata indicates commercially sensitive sensing/communications/navigation use,"{""safe_to_display_full_details"": false, ""redaction_level"": ""medium"", ""display_name"": ""ASIASTAR"", ""show_exact_orbit"": false, ""show_operator"": true, ""show_purpose"": true, ""allowed_fields"": [""object_id_hash"", ""norad_id"", ""name"", ""operator"", ""orbit_class"", ""general_purpose"", ""sensitivity_label"", ""confidence""]}","This is an information-handling risk label based on public metadata, not an official classified/unclassified determination."
26113,0145a95ec522,IMAGE,2000-017A,2026-05-02T00:40:52.622976,1.68666045,0.7466481,94.1934,314.7583,293.0574,7.9616,0,U,unmatched,,,,,,,,,,unknown_sensitive,0.55,No UCS match found; purpose/operator unknown from this dataset,"{""safe_to_display_full_details"": false, ""redaction_level"": ""medium"", ""display_name"": ""restricted_object_0145a95ec522"", ""show_exact_orbit"": false, ""show_operator"": false, ""show_purpose"": true, ""allowed_fields"": [""object_id_hash"", ""norad_id"", ""orbit_class"", ""general_purpose"", ""sensitivity_label"", ""confidence""]}","This is an information-handling risk label based on public metadata, not an official classified/unclassified determination."
26356,ccbafbf65c49,USA 149 (DSP 20),2000-024A,2026-05-03T11:43:13.998144,1.00280013,0.0001513,13.1381,12.17,6.983,212.8731,0,U,norad_id,US Air Force,Military,Earth Observation,Infrared Imaging,USA,USA,GEO,,2000-05-18 00:00:00,defense_sensitive,0.9,Public metadata indicates military/defense/intelligence-related use,"{""safe_to_display_full_details"": false, ""redaction_level"": ""high"", ""display_name"": ""restricted_object_ccbafbf65c49"", ""show_exact_orbit"": false, ""show_operator"": false, ""show_purpose"": false, ""allowed_fields"": [""object_id_hash"", ""norad_id"", ""orbit_class"", ""general_purpose"", ""sensitivity_label"", ""confidence""]}","This is an information-handling risk label based on public metadata, not an official classified/unclassified determination."
26388,bd9b9ee98759,TDRS 8,2000-034A,2026-05-03T17:35:33.836928,1.00275654,0.0006015,12.6154,31.6964,347.9159,190.6752,0,U,norad_id,National Aeronautics and Space Administration (NASA),Government,Communications,,USA,USA,GEO,,2000-06-30 00:00:00,government_sensitive,0.78,Public metadata indicates government or mixed civil/military involvement,"{""safe_to_display_full_details"": false, ""redaction_level"": ""medium"", ""display_name"": ""restricted_object_bd9b9ee98759"", ""show_exact_orbit"": false, ""show_operator"": false, ""show_purpose"": true, ""allowed_fields"": [""object_id_hash"", ""norad_id"", ""orbit_class"", ""general_purpose"", ""sensitivity_label"", ""confidence""]}","This is an information-handling risk label based on public metadata, not an official classified/unclassified determination."
26400,c446992acd21,ISS (ZVEZDA),2000-037A,2026-05-03T19:30:13.348800,15.4908112,0.0007297,51.6305,159.7493,20.0235,340.1038,0,U,loose_name,Norwegian Coastal Admnistration,Government,Communications,Automatic Identification System (AIS),Norway,Norway,LEO,Sun-Synchronous,2010-07-12 00:00:00,government_sensitive,0.78,Public metadata indicates government or mixed civil/military involvement,"{""safe_to_display_full_details"": false, ""redaction_level"": ""medium"", ""display_name"": ""restricted_object_c446992acd21"", ""show_exact_orbit"": false, ""show_operator"": false, ""show_purpose"": true, ""allowed_fields"": [""object_id_hash"", ""norad_id"", ""orbit_class"", ""general_purpose"", ""sensitivity_label"", ""confidence""]}","This is an information-handling risk label based on public metadata, not an official classified/unclassified determination."
26407,c7ba424ea5c6,NAVSTAR 48 (USA 151),2000-040A,2026-05-03T10:23:09.676032,2.00557391,0.01215271,54.8596,216.9397,302.3503,67.3502,0,U,norad_id,DoD/US Air Force,Military/Commercial,Navigation/Global Positioning,,USA,USA,MEO,Non-Polar Inclined,2000-07-16 00:00:00,defense_sensitive,0.9,Public metadata indicates military/defense/intelligence-related use,"{""safe_to_display_full_details"": false, ""redaction_level"": ""high"", ""display_name"": ""restricted_object_c7ba424ea5c6"", ""show_exact_orbit"": false, ""show_operator"": false, ""show_purpose"": false, ""allowed_fields"": [""object_id_hash"", ""norad_id"", ""orbit_class"", ""general_purpose"", ""sensitivity_label"", ""confidence""]}","This is an information-handling risk label based on public metadata, not an official classified/unclassified determination."
26410,24e0ad82a1f8,CLUSTER II-FM7 (SAMBA),2000-041A,2026-05-05T17:53:51.308736,0.4485891,0.90000629,149.7335,43.3752,260.0677,0.6327,0,U,norad_id,European Space Agency (ESA) (and 250 international scientific investigators),Government,Space Science,,ESA,ESA,Elliptical,Deep Highly Eccentric,2000-07-16 00:00:00,government_sensitive,0.78,Public metadata indicates government or mixed civil/military involvement,"{""safe_to_display_full_details"": false, ""redaction_level"": ""medium"", ""display_name"": ""restricted_object_24e0ad82a1f8"", ""show_exact_orbit"": false, ""show_operator"": false, ""show_purpose"": true, ""allowed_fields"": [""object_id_hash"", ""norad_id"", ""orbit_class"", ""general_purpose"", ""sensitivity_label"", ""confidence""]}","This is an information-handling risk label based on public metadata, not an official classified/unclassified determination."
26464,fdd96628af90,CLUSTER II-FM8 (TANGO),2000-045B,2026-05-05T15:25:53.737248,0.44404743,0.9005728,149.9972,44.3576,260.8928,1.2633,0,U,norad_id,European Space Agency (ESA) (and 250 international scientific investigators),Government,Space Science,,ESA,ESA,Elliptical,Deep Highly Eccentric,2000-08-09 00:00:00,government_sensitive,0.78,Public metadata indicates government or mixed civil/military involvement,"{""safe_to_display_full_details"": false, ""redaction_level"": ""medium"", ""display_name"": ""restricted_object_fdd96628af90"", ""show_exact_orbit"": false, ""show_operator"": false, ""show_purpose"": true, ""allowed_fields"": [""object_id_hash"", ""norad_id"", ""orbit_class"", ""general_purpose"", ""sensitivity_label"", ""confidence""]}","This is an information-handling risk label based on public metadata, not an official classified/unclassified determination."
26554,787448a165f0,NSS-11,2000-059A,2026-05-03T19:14:22.522848,1.00272419,0.0003281,2.0128,81.8876,328.4282,275.9819,0,U,norad_id,SES S.A.,Commercial,Communications,,Netherlands,USA,GEO,,2000-10-02 00:00:00,commercial_sensitive,0.72,Public metadata indicates commercially sensitive sensing/communications/navigation use,"{""safe_to_display_full_details"": false, ""redaction_level"": ""medium"", ""display_name"": ""NSS-11"", ""show_exact_orbit"": false, ""show_operator"": true, ""show_purpose"": true, ""allowed_fields"": [""object_id_hash"", ""norad_id"", ""name"", ""operator"", ""orbit_class"", ""general_purpose"", ""sensitivity_label"", ""confidence""]}","This is an information-handling risk label based on public metadata, not an official classified/unclassified determination."
26575,9a41836f977f,USA 153,2000-065A,2026-05-03T15:37:01.045056,1.0026761,0.0003926,11.5503,35.7876,33.9926,160.399,0,U,norad_id,US Air Force,Military,Communications,,USA,USA,GEO,,2000-10-20 00:00:00,defense_sensitive,0.9,Public metadata indicates military/defense/intelligence-related use,"{""safe_to_display_full_details"": false, ""redaction_level"": ""high"", ""display_name"": ""restricted_object_9a41836f977f"", ""show_exact_orbit"": false, ""show_operator"": false, ""show_purpose"": false, ""allowed_fields"": [""object_id_hash"", ""norad_id"", ""orbit_class"", ""general_purpose"", ""sensitivity_label"", ""confidence""]}","This is an information-handling risk label based on public metadata, not an official classified/unclassified determination."
26580,e6d24c80900a,AMC-6,2000-067A,2026-05-03T17:45:37.264896,1.00271768,0.0003708,0.075,71.8533,331.5508,309.5905,0,U,norad_id,SES S.A.,Commercial,Communications,,USA,USA,GEO,,2000-10-22 00:00:00,commercial_sensitive,0.72,Public metadata indicates commercially sensitive sensing/communications/navigation use,"{""safe_to_display_full_details"": false, ""redaction_level"": ""medium"", ""display_name"": ""AMC-6"", ""show_exact_orbit"": false, ""show_operator"": true, ""show_purpose"": true, ""allowed_fields"": [""object_id_hash"", ""norad_id"", ""name"", ""operator"", ""orbit_class"", ""general_purpose"", ""sensitivity_label"", ""confidence""]}","This is an information-handling risk label based on public metadata, not an official classified/unclassified determination."
26605,e3718c4a5272,NAVSTAR 49 (USA 154),2000-071A,2026-05-03T14:47:50.928288,2.00567746,0.017435,55.6014,96.7137,266.378,159.426,0,U,norad_id,DoD/US Air Force,Military/Commercial,Navigation/Global Positioning,,USA,USA,MEO,Non-Polar Inclined,2000-11-10 00:00:00,defense_sensitive,0.9,Public metadata indicates military/defense/intelligence-related use,"{""safe_to_display_full_details"": false, ""redaction_level"": ""high"", ""display_name"": ""restricted_object_e3718c4a5272"", ""show_exact_orbit"": false, ""show_operator"": false, ""show_purpose"": false, ""allowed_fields"": [""object_id_hash"", ""norad_id"", ""orbit_class"", ""general_purpose"", ""sensitivity_label"", ""confidence""]}","This is an information-handling risk label based on public metadata, not an official classified/unclassified determination."
26700,fb5317aa86c0,ISS (DESTINY),2001-006B,2026-05-03T19:30:13.348800,15.4908112,0.0007297,51.6305,159.7493,20.0235,340.1038,0,U,loose_name,Norwegian Coastal Admnistration,Government,Communications,Automatic Identification System (AIS),Norway,Norway,LEO,Sun-Synchronous,2010-07-12 00:00:00,government_sensitive,0.78,Public metadata indicates government or mixed civil/military involvement,"{""safe_to_display_full_details"": false, ""redaction_level"": ""medium"", ""display_name"": ""restricted_object_fb5317aa86c0"", ""show_exact_orbit"": false, ""show_operator"": false, ""show_purpose"": true, ""allowed_fields"": [""object_id_hash"", ""norad_id"", ""orbit_class"", ""general_purpose"", ""sensitivity_label"", ""confidence""]}","This is an information-handling risk label based on public metadata, not an official classified/unclassified determination."
26702,1b78c43f6a83,ODIN,2001-007A,2026-05-03T20:13:15.881952,15.64480044,4.4e-05,97.3943,162.3417,324.6136,35.5094,0,U,norad_id,Swedish National Space Board,Government,Earth Observation,Earth Science,Sweden,Sweden,LEO,Sun-Synchronous,2001-02-20 00:00:00,government_sensitive,0.78,Public metadata indicates government or mixed civil/military involvement,"{""safe_to_display_full_details"": false, ""redaction_level"": ""medium"", ""display_name"": ""restricted_object_1b78c43f6a83"", ""show_exact_orbit"": false, ""show_operator"": false, ""show_purpose"": true, ""allowed_fields"": [""object_id_hash"", ""norad_id"", ""orbit_class"", ""general_purpose"", ""sensitivity_label"", ""confidence""]}","This is an information-handling risk label based on public metadata, not an official classified/unclassified determination."
26715,07a467c29782,USA 157 (MILSTAR-2 2),2001-009A,2026-05-03T10:23:18.505248,1.00269047,0.00375789,11.4948,20.0414,179.0969,27.9891,0,U,norad_id,US Air Force,Military,Communications,,USA,USA,GEO,,2001-02-27 00:00:00,defense_sensitive,0.9,Public metadata indicates military/defense/intelligence-related use,"{""safe_to_display_full_details"": false, ""redaction_level"": ""high"", ""display_name"": ""restricted_object_07a467c29782"", ""show_exact_orbit"": false, ""show_operator"": false, ""show_purpose"": false, ""allowed_fields"": [""object_id_hash"", ""norad_id"", ""orbit_class"", ""general_purpose"", ""sensitivity_label"", ""confidence""]}","This is an information-handling risk label based on public metadata, not an official classified/unclassified determination."
26720,68a10b0759c5,BSAT-2A,2001-011B,2026-05-03T18:12:59.053248,0.99175194,0.0003113,10.6412,47.895,235.2854,301.8958,0,U,unmatched,,,,,,,,,,unknown_sensitive,0.55,No UCS match found; purpose/operator unknown from this dataset,"{""safe_to_display_full_details"": false, ""redaction_level"": ""medium"", ""display_name"": ""restricted_object_68a10b0759c5"", ""show_exact_orbit"": false, ""show_operator"": false, ""show_purpose"": true, ""allowed_fields"": [""object_id_hash"", ""norad_id"", ""orbit_class"", ""general_purpose"", ""sensitivity_label"", ""confidence""]}","This is an information-handling risk label based on public metadata, not an official classified/unclassified determination."
26857,4f69d894e5bd,OMNI-M1,2001-026A,2026-04-26T12:06:28.341216,3.92401515,0.00159786,44.8512,257.1743,43.7076,316.4248,0,U,unmatched,,,,,,,,,,unknown_sensitive,0.55,No UCS match found; purpose/operator unknown from this dataset,"{""safe_to_display_full_details"": false, ""redaction_level"": ""medium"", ""display_name"": ""restricted_object_4f69d894e5bd"", ""show_exact_orbit"": false, ""show_operator"": false, ""show_purpose"": true, ""allowed_fields"": [""object_id_hash"", ""norad_id"", ""orbit_class"", ""general_purpose"", ""sensitivity_label"", ""confidence""]}","This is an information-handling risk label based on public metadata, not an official classified/unclassified determination."
26880,33090b021d20,USA 159 (DSP 21),2001-033A,2026-05-03T17:15:39.000096,0.99196646,8.06e-05,12.7407,16.741,80.6281,103.8519,0,U,norad_id,US Air Force,Military,Earth Observation,Infrared Imaging,USA,USA,GEO,,2001-08-06 00:00:00,defense_sensitive,0.9,Public metadata indicates military/defense/intelligence-related use,"{""safe_to_display_full_details"": false, ""redaction_level"": ""high"", ""display_name"": ""restricted_object_33090b021d20"", ""show_exact_orbit"": false, ""show_operator"": false, ""show_purpose"": false, ""allowed_fields"": [""object_id_hash"", ""norad_id"", ""orbit_class"", ""general_purpose"", ""sensitivity_label"", ""confidence""]}","This is an information-handling risk label based on public metadata, not an official classified/unclassified determination."
26900,67876e535f65,INTELSAT 902 (IS-902),2001-039A,2026-05-03T18:09:50.556096,1.00271179,0.0004282,6.007,72.3131,325.0723,46.6397,0,U,norad_id,Intelsat S.A.,Commercial,Communications,,USA,USA,GEO,,2001-08-30 00:00:00,commercial_sensitive,0.72,Public metadata indicates commercially sensitive sensing/communications/navigation use,"{""safe_to_display_full_details"": false, ""redaction_level"": ""medium"", ""display_name"": ""INTELSAT 902 (IS-902)"", ""show_exact_orbit"": false, ""show_operator"": true, ""show_purpose"": true, ""allowed_fields"": [""object_id_hash"", ""norad_id"", ""name"", ""operator"", ""orbit_class"", ""general_purpose"", ""sensitivity_label"", ""confidence""]}","This is an information-handling risk label based on public metadata, not an official classified/unclassified determination."
26931,fb45dc3190d2,PCSAT (NO-44),2001-043C,2026-05-03T17:41:48.850944,14.31938734,0.0006413,67.0524,359.2393,263.9909,96.0463,0,U,unmatched,,,,,,,,,,unknown_sensitive,0.55,No UCS match found; purpose/operator unknown from this dataset,"{""safe_to_display_full_details"": false, ""redaction_level"": ""medium"", ""display_name"": ""restricted_object_fb45dc3190d2"", ""show_exact_orbit"": false, ""show_operator"": false, ""show_purpose"": true, ""allowed_fields"": [""object_id_hash"", ""norad_id"", ""orbit_class"", ""general_purpose"", ""sensitivity_label"", ""confidence""]}","This is an information-handling risk label based on public metadata, not an official classified/unclassified determination."
26958,a61fccff8765,PROBA-1,2001-049B,2026-05-03T20:39:20.304288,15.07329518,0.005334,97.961,130.849,272.9827,86.5296,0,U,norad_id,European Space Agency (ESA),Government,Technology Demonstration,,ESA,ESA,LEO,Sun-Synchronous,2001-10-22 00:00:00,government_sensitive,0.78,Public metadata indicates government or mixed civil/military involvement,"{""safe_to_display_full_details"": false, ""redaction_level"": ""medium"", ""display_name"": ""restricted_object_a61fccff8765"", ""show_exact_orbit"": false, ""show_operator"": false, ""show_purpose"": true, ""allowed_fields"": [""object_id_hash"", ""norad_id"", ""orbit_class"", ""general_purpose"", ""sensitivity_label"", ""confidence""]}","This is an information-handling risk label based on public metadata, not an official classified/unclassified determination."
26998,5ba191b77b3d,TIMED,2001-055B,2026-05-03T17:10:11.543232,14.9518677,0.0001411,74.0677,324.5575,200.6381,159.4747,0,U,norad_id,"National Aeronautics and Space Administration (NASA)/Applied Physics Laboratory, Johns Hopkins",Government/Civil,Space Science,,USA,USA,LEO,Polar,2001-12-07 00:00:00,government_sensitive,0.78,Public metadata indicates government or mixed civil/military involvement,"{""safe_to_display_full_details"": false, ""redaction_level"": ""medium"", ""display_name"": ""restricted_object_5ba191b77b3d"", ""show_exact_orbit"": false, ""show_operator"": false, ""show_purpose"": true, ""allowed_fields"": [""object_id_hash"", ""norad_id"", ""orbit_class"", ""general_purpose"", ""sensitivity_label"", ""confidence""]}","This is an information-handling risk label based on public metadata, not an official classified/unclassified determination."
27004,23d6d5f19fda,MAROC-TUBSAT,2001-056D,2026-05-03T10:55:19.396704,13.70260584,0.00190648,99.8062,299.4742,257.0387,130.6692,0,U,norad_id,CTRS Morocco/Institut für Luft-und Raumfahrttechnik (Berlin),Government,Technology Development,,Morocco/Germany,NR,LEO,Sun-Synchronous,2001-12-10 00:00:00,government_sensitive,0.78,Public metadata indicates government or mixed civil/military involvement,"{""safe_to_display_full_details"": false, ""redaction_level"": ""medium"", ""display_name"": ""restricted_object_23d6d5f19fda"", ""show_exact_orbit"": false, ""show_operator"": false, ""show_purpose"": true, ""allowed_fields"": [""object_id_hash"", ""norad_id"", ""orbit_class"", ""general_purpose"", ""sensitivity_label"", ""confidence""]}","This is an information-handling risk label based on public metadata, not an official classified/unclassified determination."
27056,2427459ead04,COSMOS 2385,2001-058B,2026-05-03T20:36:42.696000,12.60564103,0.0005539,82.5368,248.1903,343.4564,134.9148,0,U,norad_id,Ministry of Defense,Military,Communications,,Russia,Russia,LEO,Polar,2001-12-27 00:00:00,defense_sensitive,0.9,Public metadata indicates military/defense/intelligence-related use,"{""safe_to_display_full_details"": false, ""redaction_level"": ""high"", ""display_name"": ""restricted_object_2427459ead04"", ""show_exact_orbit"": false, ""show_operator"": false, ""show_purpose"": false, ""allowed_fields"": [""object_id_hash"", ""norad_id"", ""orbit_class"", ""general_purpose"", ""sensitivity_label"", ""confidence""]}","This is an information-handling risk label based on public metadata, not an official classified/unclassified determination."
27057,43b030055159,COSMOS 2386,2001-058C,2026-05-03T20:08:54.058848,12.61615932,0.0001289,82.5441,242.5488,121.4705,238.6511,0,U,norad_id,Ministry of Defense,Military,Communications,,Russia,Russia,LEO,Polar,2001-12-27 00:00:00,defense_sensitive,0.9,Public metadata indicates military/defense/intelligence-related use,"{""safe_to_display_full_details"": false, ""redaction_level"": ""high"", ""display_name"": ""restricted_object_43b030055159"", ""show_exact_orbit"": false, ""show_operator"": false, ""show_purpose"": false, ""allowed_fields"": [""object_id_hash"", ""norad_id"", ""orbit_class"", ""general_purpose"", ""sensitivity_label"", ""confidence""]}","This is an information-handling risk label based on public metadata, not an official classified/unclassified determination."
27168,ad9b0696e022,USA 164 (MILSTAR-2 3),2002-001A,2026-05-03T14:24:02.847744,1.00271883,0.0100003,11.1277,22.1772,7.0567,67.1859,0,U,norad_id,US Air Force,Military,Communications,,USA,USA,GEO,,2002-01-16 00:00:00,defense_sensitive,0.9,Public metadata indicates military/defense/intelligence-related use,"{""safe_to_display_full_details"": false, ""redaction_level"": ""high"", ""display_name"": ""restricted_object_ad9b0696e022"", ""show_exact_orbit"": false, ""show_operator"": false, ""show_purpose"": false, ""allowed_fields"": [""object_id_hash"", ""norad_id"", ""orbit_class"", ""general_purpose"", ""sensitivity_label"", ""confidence""]}","This is an information-handling risk label based on public metadata, not an official classified/unclassified determination."
27380,db2b22ead567,INTELSAT 904 (IS-904),2002-007A,2026-05-03T04:41:38.758272,1.00272542,0.00079809,6.8095,69.7142,342.9758,207.349,0,U,norad_id,Intelsat S.A.,Commercial,Communications,,USA,USA,GEO,,2002-02-23 00:00:00,commercial_sensitive,0.72,Public metadata indicates commercially sensitive sensing/communications/navigation use,"{""safe_to_display_full_details"": false, ""redaction_level"": ""medium"", ""display_name"": ""INTELSAT 904 (IS-904)"", ""show_exact_orbit"": false, ""show_operator"": true, ""show_purpose"": true, ""allowed_fields"": [""object_id_hash"", ""norad_id"", ""name"", ""operator"", ""orbit_class"", ""general_purpose"", ""sensitivity_label"", ""confidence""]}","This is an information-handling risk label based on public metadata, not an official classified/unclassified determination."
27424,51dda521c115,AQUA,2002-022A,2026-05-03T21:45:52.913952,14.62088862,0.000212,98.4253,92.3154,87.6383,295.3323,0,U,norad_id,National Aeronautics and Space Administration (NASA) - Earth Science Enterprise/Japan Meteorological Agency/Brazilian Space Agency,Government,Earth Observation,Earth Science,USA/Japan/Brazil,USA,LEO,Sun-Synchronous,2002-05-04 00:00:00,government_sensitive,0.78,Public metadata indicates government or mixed civil/military involvement,"{""safe_to_display_full_details"": false, ""redaction_level"": ""medium"", ""display_name"": ""restricted_object_51dda521c115"", ""show_exact_orbit"": false, ""show_operator"": false, ""show_purpose"": true, ""allowed_fields"": [""object_id_hash"", ""norad_id"", ""orbit_class"", ""general_purpose"", ""sensitivity_label"", ""confidence""]}","This is an information-handling risk label based on public metadata, not an official classified/unclassified determination."
27426,cfa62640f6f4,DIRECTV 5 (TEMPO 1),2002-023A,2026-05-03T13:08:04.866720,1.00272742,0.0003594,4.7652,75.8525,325.5992,266.9146,0,U,norad_id,"DirecTV, Inc.",Commercial,Communications,,USA,USA,GEO,,2002-05-07 00:00:00,commercial_sensitive,0.72,Public metadata indicates commercially sensitive sensing/communications/navigation use,"{""safe_to_display_full_details"": false, ""redaction_level"": ""medium"", ""display_name"": ""DIRECTV 5 (TEMPO 1)"", ""show_exact_orbit"": false, ""show_operator"": true, ""show_purpose"": true, ""allowed_fields"": [""object_id_hash"", ""norad_id"", ""name"", ""operator"", ""orbit_class"", ""general_purpose"", ""sensitivity_label"", ""confidence""]}","This is an information-handling risk label based on public metadata, not an official classified/unclassified determination."
